Valuta,alfa,live,hot,Summa
USDT,0.00735418,0.00299245,464.54872206,464.55906869
USD,1414.42837923,3.72e-06,0.0,1414.42838295
PZM,2663.811700000002,1187.82299502,22144.513238099997,25996.14793312
BTC,0.00775654,0.0,0.06219946,0.069956
ETH,0.00092496,0.0,0.00080888,0.00173384
USDT + USD,1414.43573341,0.00299617,464.54872206,1878.98745164
